{"success":true,"params":{"groupSid":1},"content":[{"name":"","vhost":"/","type":"direct","durable":true,"internal":false,"arguments":{},"autoDelete":false},{"name":"111","vhost":"/","type":"direct","durable":true,"internal":false,"arguments":{},"autoDelete":false},{"name":"123456","vhost":"/","type":"direct","durable":true,"internal":false,"arguments":{},"autoDelete":false},{"name":"222","vhost":"/","type":"direct","durable":true,"internal":false,"arguments":{},"autoDelete":false},{"name":"2345","vhost":"/","type":"direct","durable":true,"internal":false,"arguments":{},"autoDelete":false},{"name":"333","vhost":"/","type":"direct","durable":true,"internal":false,"arguments":{},"autoDelete":false},{"name":"EfutureERP.AutationCard","vhost":"/","type":"fanout","durable":true,"internal":false,"arguments":{},"autoDelete":false},{"name":"EfutureERP.AuthorizationCard","vhost":"/","type":"fanout","durable":true,"internal":false,"arguments":{},"autoDelete":false},{"name":"EfutureERP.BalanceAgency","vhost":"/","type":"fanout","durable":true,"internal":false,"arguments":{},"autoDelete":false},{"name":"EfutureERP.BalanceAlliance","vhost":"/","type":"fanout","durable":true,"internal":false,"arguments":{},"autoDelete":false},{"name":"EfutureERP.BalanceFee","vhost":"/","type":"fanout","durable":true,"internal":false,"arguments":{},"autoDelete":false},{"name":"EfutureERP.BalanceUpdate","vhost":"/","type":"fanout","durable":true,"internal":false,"arguments":{},"autoDelete":false},{"name":"EfutureERP.Contract","vhost":"/","type":"fanout","durable":true,"internal":false,"arguments":{},"autoDelete":false},{"name":"EfutureERP.ErpChange","vhost":"/","type":"fanout","durable":true,"internal":false,"arguments":{},"autoDelete":false},{"name":"EfutureERP.Inventory","vhost":"/","type":"fanout","durable":true,"internal":false,"arguments":{},"autoDelete":false},{"name":"EfutureERP.ManageCategory","vhost":"/","type":"fanout","durable":true,"internal":false,"arguments":{},"autoDelete":false},{"name":"EfutureERP.PayModeLimit","vhost":"/","type":"fanout","durable":true,"internal":false,"arguments":{},"autoDelete":false},{"name":"EfutureERP.Price","vhost":"/","type":"fanout","durable":true,"internal":false,"arguments":{},"autoDelete":false},{"name":"EfutureERP.Product","vhost":"/","type":"fanout","durable":true,"internal":false,"arguments":{},"autoDelete":false},{"name":"EfutureERP.ProductMultiSuppliers","vhost":"/","type":"fanout","durable":true,"internal":false,"arguments":{},"autoDelete":false},{"name":"EfutureERP.Sales","vhost":"/","type":"fanout","durable":true,"internal":false,"arguments":{},"autoDelete":false},{"name":"EfutureERP.Strbrand","vhost":"/","type":"fanout","durable":true,"internal":false,"arguments":{},"autoDelete":false},{"name":"EfutureERP.Supplier","vhost":"/","type":"fanout","durable":true,"internal":false,"arguments":{},"autoDelete":false},{"name":"EfutureERP.SupplierBarCode","vhost":"/","type":"fanout","durable":true,"internal":false,"arguments":{},"autoDelete":false},{"name":"amq.direct","vhost":"/","type":"direct","durable":true,"internal":false,"arguments":{},"autoDelete":false},{"name":"amq.fanout","vhost":"/","type":"fanout","durable":true,"internal":false,"arguments":{},"autoDelete":false},{"name":"amq.headers","vhost":"/","type":"headers","durable":true,"internal":false,"arguments":{},"autoDelete":false},{"name":"amq.match","vhost":"/","type":"headers","durable":true,"internal":false,"arguments":{},"autoDelete":false},{"name":"amq.rabbitmq.log","vhost":"/","type":"topic","durable":true,"internal":true,"arguments":{},"autoDelete":false},{"name":"amq.rabbitmq.trace","vhost":"/","type":"topic","durable":true,"internal":true,"arguments":{},"autoDelete":false},{"name":"amq.topic","vhost":"/","type":"topic","durable":true,"internal":false,"arguments":{},"autoDelete":false},{"name":"directExchange","vhost":"/","type":"direct","durable":true,"internal":false,"arguments":{},"autoDelete":false},{"name":"newDirect","vhost":"/","type":"direct","durable":true,"internal":false,"arguments":{},"autoDelete":false},{"name":"test","vhost":"/","type":"direct","durable":true,"internal":false,"arguments":{},"autoDelete":false}]}