{"success":true,"params":{"groupSid":1},"content":[{"name":"rabbit@single","type":"disc","running":true,"partitions":[],"uptime":5198138796,"processors":4,"contexts":[{"description":"RabbitMQ Management","path":"/","port":15672,"ignore_in_use":false}],"memoryUsed":82919040,"diskFreeThresholdCritical":false,"memoryThresholdCritical":false,"processesTotal":1048576,"statisticsLevel":null,"authMechanisms":[{"name":"AMQPLAIN","description":"QPid AMQPLAIN mechanism","enabled":true},{"name":"PLAIN","description":"SASL PLAIN authentication mechanism","enabled":true},{"name":"RABBIT-CR-DEMO","description":"RabbitMQ Demo challenge-response authentication mechanism","enabled":false}],"capabilities":[{"name":"amqp_client","description":"RabbitMQ AMQP Client","enabled":false},{"name":"inets","description":"INETS  CXC 138 49","enabled":false},{"name":"kernel","description":"ERTS  CXC 138 10","enabled":false},{"name":"mnesia","description":"MNESIA  CXC 138 12","enabled":false},{"name":"mochiweb","description":"MochiMedia Web Server","enabled":false},{"name":"os_mon","description":"CPO  CXC 138 46","enabled":false},{"name":"rabbit","description":"RabbitMQ","enabled":false},{"name":"rabbitmq_management","description":"RabbitMQ Management Console","enabled":false},{"name":"rabbitmq_management_agent","description":"RabbitMQ Management Agent","enabled":false},{"name":"rabbitmq_web_dispatch","description":"RabbitMQ Web Dispatcher","enabled":false},{"name":"sasl","description":"SASL  CXC 138 11","enabled":false},{"name":"stdlib","description":"ERTS  CXC 138 10","enabled":false},{"name":"webmachine","description":"webmachine","enabled":false},{"name":"xmerl","description":"XML parser","enabled":false}],"fdTotal":65535,"runQueue":0,"socketsUsed":177,"diskFreeLimit":50000000,"memoryLimit":3302019891,"exchangeTypes":[{"name":"topic","description":"AMQP topic exchange, as per the AMQP specification","enabled":true},{"name":"fanout","description":"AMQP fanout exchange, as per the AMQP specification","enabled":true},{"name":"direct","description":"AMQP direct exchange, as per the AMQP specification","enabled":true},{"name":"headers","description":"AMQP headers exchange, as per the AMQP specification","enabled":true}],"processesUsed":2924,"socketsTotal":58889,"diskFree":39276482560,"fdUsed":198,"osprocessID":"324"}]}