{
  "success": true,
  "params": {
    "sysCode": "67",
    "bizType": "2",
    "size": null,
    "bizName": "/console/earlyWarningRule/getRule.json",
    "from": null,
    "to": null,
    "counterType": "MONTH"
  },
  "content": [
    {
      "counters": [
        {
          "sysCode": "67",
          "bizType": "2",
          "bizName": "/console/earlyWarningRule/getRule.json",
          "bizDesc": "NEED_GET_FROM_DB",
          "username": null,
          "count": 0,
          "countTime": "2015-08-01 00:00:00"
        }
      ],
      "countTime": "2015-08-01 00:00:00"
    },
    {
      "counters": [
        {
          "sysCode": "67",
          "bizType": "2",
          "bizName": "/console/earlyWarningRule/getRule.json",
          "bizDesc": "NEED_GET_FROM_DB",
          "username": null,
          "count": 0,
          "countTime": "2015-09-01 00:00:00"
        }
      ],
      "countTime": "2015-09-01 00:00:00"
    },
    {
      "counters": [
        {
          "sysCode": "67",
          "bizType": "2",
          "bizName": "/console/earlyWarningRule/getRule.json",
          "bizDesc": "NEED_GET_FROM_DB",
          "username": null,
          "count": 0,
          "countTime": "2015-10-01 00:00:00"
        }
      ],
      "countTime": "2015-10-01 00:00:00"
    },
    {
      "counters": [
        {
          "sysCode": "67",
          "bizType": "2",
          "bizName": "/console/earlyWarningRule/getRule.json",
          "bizDesc": "NEED_GET_FROM_DB",
          "username": null,
          "count": 0,
          "countTime": "2015-11-01 00:00:00"
        }
      ],
      "countTime": "2015-11-01 00:00:00"
    },
    {
      "counters": [
        {
          "sysCode": "67",
          "bizType": "2",
          "bizName": "/console/earlyWarningRule/getRule.json",
          "bizDesc": "NEED_GET_FROM_DB",
          "username": null,
          "count": 0,
          "countTime": "2015-12-01 00:00:00"
        }
      ],
      "countTime": "2015-12-01 00:00:00"
    },
    {
      "counters": [
        {
          "sysCode": "67",
          "bizType": "2",
          "bizName": "/console/earlyWarningRule/getRule.json",
          "bizDesc": "NEED_GET_FROM_DB",
          "username": null,
          "count": 0,
          "countTime": "2016-01-01 00:00:00"
        }
      ],
      "countTime": "2016-01-01 00:00:00"
    },
    {
      "counters": [
        {
          "sysCode": "67",
          "bizType": "2",
          "bizName": "/console/earlyWarningRule/getRule.json",
          "bizDesc": "NEED_GET_FROM_DB",
          "username": null,
          "count": 0,
          "countTime": "2016-02-01 00:00:00"
        }
      ],
      "countTime": "2016-02-01 00:00:00"
    },
    {
      "counters": [
        {
          "sysCode": "67",
          "bizType": "2",
          "bizName": "/console/earlyWarningRule/getRule.json",
          "bizDesc": "NEED_GET_FROM_DB",
          "username": null,
          "count": 0,
          "countTime": "2016-03-01 00:00:00"
        }
      ],
      "countTime": "2016-03-01 00:00:00"
    },
    {
      "counters": [
        {
          "sysCode": "67",
          "bizType": "2",
          "bizName": "/console/earlyWarningRule/getRule.json",
          "bizDesc": "NEED_GET_FROM_DB",
          "username": null,
          "count": 0,
          "countTime": "2016-04-01 00:00:00"
        }
      ],
      "countTime": "2016-04-01 00:00:00"
    },
    {
      "counters": [
        {
          "sysCode": "67",
          "bizType": "2",
          "bizName": "/console/earlyWarningRule/getRule.json",
          "bizDesc": "NEED_GET_FROM_DB",
          "username": null,
          "count": 0,
          "countTime": "2016-05-01 00:00:00"
        }
      ],
      "countTime": "2016-05-01 00:00:00"
    },
    {
      "counters": [
        {
          "sysCode": "67",
          "bizType": "2",
          "bizName": "/console/earlyWarningRule/getRule.json",
          "bizDesc": "NEED_GET_FROM_DB",
          "username": null,
          "count": 0,
          "countTime": "2016-06-01 00:00:00"
        }
      ],
      "countTime": "2016-06-01 00:00:00"
    },
    {
      "counters": [
        {
          "sysCode": "67",
          "bizType": "2",
          "bizName": "/console/earlyWarningRule/getRule.json",
          "bizDesc": "NEED_GET_FROM_DB",
          "username": null,
          "count": 0,
          "countTime": "2016-07-01 00:00:00"
        }
      ],
      "countTime": "2016-07-01 00:00:00"
    },
    {
      "counters": [
        {
          "sysCode": "67",
          "bizType": "2",
          "bizName": "/console/earlyWarningRule/getRule.json",
          "bizDesc": "NEED_GET_FROM_DB",
          "username": null,
          "count": 544,
          "countTime": "2016-08-01 00:00:00"
        }
      ],
      "countTime": "2016-08-01 00:00:00"
    }
  ]
}
