{
  "params": {
    "sysCode": "68",
    "size": null,
    "sysIp": "10.6.2.151:6080"
  },
  "success": true,
  "content": [
    {
      "sysCode": "68",
      "sysName": "common-service",
      "sysIps": "10.6.2.151:6080",
      "id": "http19a157435122077413c116eaed15699243e41d34",
      "name": "/sockjs/changeCount/539/bkn2nhsq/websocket GET",
      "hits": 1,
      "durationsSum": 64,
      "durationsSquareSum": 4096,
      "maximum": 64,
      "cpuTimeSum": 47,
      "systemErrors": 0,
      "responseSizesSum": 0,
      "childHits": 0,
      "childDurationsSum": 0,
      "stackTrace": null,
      "childRequestsExecutionsByRequestId": "{}",
      "cpuTimeMean": "47",
      "systemErrorPercentage": 0,
      "responseSizeMean": 0,
      "childHitsMean": 0,
      "childDurationsMean": 0,
      "mean": 64,
      "standardDeviation": 0,
      "updateTime": 1476693141000,
      "updateTimeStr": "2016-10-17 16:32:21"
    },
    {
      "sysCode": "68",
      "sysName": "common-service",
      "sysIps": "10.6.2.151:6080",
      "id": "http28db76058021119df498bea0cdb93d4fcd5a39da",
      "name": "/sockjs/changeCount/473/wapzgu1s/websocket GET",
      "hits": 1,
      "durationsSum": 27,
      "durationsSquareSum": 729,
      "maximum": 27,
      "cpuTimeSum": 1,
      "systemErrors": 0,
      "responseSizesSum": 0,
      "childHits": 0,
      "childDurationsSum": 0,
      "stackTrace": null,
      "childRequestsExecutionsByRequestId": "{}",
      "cpuTimeMean": "1",
      "systemErrorPercentage": 0,
      "responseSizeMean": 0,
      "childHitsMean": 0,
      "childDurationsMean": 0,
      "mean": 27,
      "standardDeviation": 0,
      "updateTime": 1476693141000,
      "updateTimeStr": "2016-10-17 16:32:21"
    },
    {
      "sysCode": "68",
      "sysName": "common-service",
      "sysIps": "10.6.2.151:6080",
      "id": "http2269377ff510a6178a91f5bd78059dec023982e6",
      "name": "/sockjs/changeCount/258/nd2aug01/websocket GET",
      "hits": 1,
      "durationsSum": 7,
      "durationsSquareSum": 49,
      "maximum": 7,
      "cpuTimeSum": 6,
      "systemErrors": 0,
      "responseSizesSum": 0,
      "childHits": 0,
      "childDurationsSum": 0,
      "stackTrace": null,
      "childRequestsExecutionsByRequestId": "{}",
      "cpuTimeMean": "6",
      "systemErrorPercentage": 0,
      "responseSizeMean": 0,
      "childHitsMean": 0,
      "childDurationsMean": 0,
      "mean": 7,
      "standardDeviation": 0,
      "updateTime": 1476693141000,
      "updateTimeStr": "2016-10-17 16:32:21"
    },
    {
      "sysCode": "68",
      "sysName": "common-service",
      "sysIps": "10.6.2.151:6080",
      "id": "httpb9fc767fcd47b5905881029063dfc04d91d5dabb",
      "name": "/sockjs/changeCount/334/rzznn0p5/websocket GET",
      "hits": 1,
      "durationsSum": 7,
      "durationsSquareSum": 49,
      "maximum": 7,
      "cpuTimeSum": 4,
      "systemErrors": 0,
      "responseSizesSum": 0,
      "childHits": 0,
      "childDurationsSum": 0,
      "stackTrace": null,
      "childRequestsExecutionsByRequestId": "{}",
      "cpuTimeMean": "4",
      "systemErrorPercentage": 0,
      "responseSizeMean": 0,
      "childHitsMean": 0,
      "childDurationsMean": 0,
      "mean": 7,
      "standardDeviation": 0,
      "updateTime": 1476693141000,
      "updateTimeStr": "2016-10-17 16:32:21"
    },
    {
      "sysCode": "68",
      "sysName": "common-service",
      "sysIps": "10.6.2.151:6080",
      "id": "httpbb56003d8e4a94ce767228fbc8c487a185bf6cea",
      "name": "/sockjs/changeCount/282/c5mpq5ym/websocket GET",
      "hits": 1,
      "durationsSum": 7,
      "durationsSquareSum": 49,
      "maximum": 7,
      "cpuTimeSum": 7,
      "systemErrors": 0,
      "responseSizesSum": 0,
      "childHits": 0,
      "childDurationsSum": 0,
      "stackTrace": null,
      "childRequestsExecutionsByRequestId": "{}",
      "cpuTimeMean": "7",
      "systemErrorPercentage": 0,
      "responseSizeMean": 0,
      "childHitsMean": 0,
      "childDurationsMean": 0,
      "mean": 7,
      "standardDeviation": 0,
      "updateTime": 1476693141000,
      "updateTimeStr": "2016-10-17 16:32:21"
    },
    {
      "sysCode": "68",
      "sysName": "common-service",
      "sysIps": "10.6.2.151:6080",
      "id": "http451abcd11a8cc53f08a153b7975834c761781825",
      "name": "/sockjs/changeCount/346/yu5yero3/websocket GET",
      "hits": 1,
      "durationsSum": 7,
      "durationsSquareSum": 49,
      "maximum": 7,
      "cpuTimeSum": 4,
      "systemErrors": 0,
      "responseSizesSum": 0,
      "childHits": 0,
      "childDurationsSum": 0,
      "stackTrace": null,
      "childRequestsExecutionsByRequestId": "{}",
      "cpuTimeMean": "4",
      "systemErrorPercentage": 0,
      "responseSizeMean": 0,
      "childHitsMean": 0,
      "childDurationsMean": 0,
      "mean": 7,
      "standardDeviation": 0,
      "updateTime": 1476693141000,
      "updateTimeStr": "2016-10-17 16:32:21"
    },
    {
      "sysCode": "68",
      "sysName": "common-service",
      "sysIps": "10.6.2.151:6080",
      "id": "http94c6ce3bab2ce54b62bc3aa3c3e01927cca24cd9",
      "name": "/sockjs/changeCount/077/2kuvjp0r/websocket GET",
      "hits": 1,
      "durationsSum": 6,
      "durationsSquareSum": 36,
      "maximum": 6,
      "cpuTimeSum": 5,
      "systemErrors": 0,
      "responseSizesSum": 0,
      "childHits": 0,
      "childDurationsSum": 0,
      "stackTrace": null,
      "childRequestsExecutionsByRequestId": "{}",
      "cpuTimeMean": "5",
      "systemErrorPercentage": 0,
      "responseSizeMean": 0,
      "childHitsMean": 0,
      "childDurationsMean": 0,
      "mean": 6,
      "standardDeviation": 0,
      "updateTime": 1476693141000,
      "updateTimeStr": "2016-10-17 16:32:21"
    },
    {
      "sysCode": "68",
      "sysName": "common-service",
      "sysIps": "10.6.2.151:6080",
      "id": "httpda3155d66c2281483311c2b740afae815ab793cc",
      "name": "/sockjs/changeCount/548/dydq4tyn/websocket GET",
      "hits": 1,
      "durationsSum": 6,
      "durationsSquareSum": 36,
      "maximum": 6,
      "cpuTimeSum": 5,
      "systemErrors": 0,
      "responseSizesSum": 0,
      "childHits": 0,
      "childDurationsSum": 0,
      "stackTrace": null,
      "childRequestsExecutionsByRequestId": "{}",
      "cpuTimeMean": "5",
      "systemErrorPercentage": 0,
      "responseSizeMean": 0,
      "childHitsMean": 0,
      "childDurationsMean": 0,
      "mean": 6,
      "standardDeviation": 0,
      "updateTime": 1476693141000,
      "updateTimeStr": "2016-10-17 16:32:21"
    },
    {
      "sysCode": "68",
      "sysName": "common-service",
      "sysIps": "10.6.2.151:6080",
      "id": "http4cf3a25befd4d6f76ae5c3b07f697140d6ca7417",
      "name": "/sockjs/changeCount/609/qhzzc0z1/websocket GET",
      "hits": 1,
      "durationsSum": 6,
      "durationsSquareSum": 36,
      "maximum": 6,
      "cpuTimeSum": 5,
      "systemErrors": 0,
      "responseSizesSum": 0,
      "childHits": 0,
      "childDurationsSum": 0,
      "stackTrace": null,
      "childRequestsExecutionsByRequestId": "{}",
      "cpuTimeMean": "5",
      "systemErrorPercentage": 0,
      "responseSizeMean": 0,
      "childHitsMean": 0,
      "childDurationsMean": 0,
      "mean": 6,
      "standardDeviation": 0,
      "updateTime": 1476693141000,
      "updateTimeStr": "2016-10-17 16:32:21"
    },
    {
      "sysCode": "68",
      "sysName": "common-service",
      "sysIps": "10.6.2.151:6080",
      "id": "httpb678305043cbefdf55d23197ed4d535772f85aeb",
      "name": "/sockjs/changeCount/514/y10dooxh/websocket GET",
      "hits": 1,
      "durationsSum": 5,
      "durationsSquareSum": 25,
      "maximum": 5,
      "cpuTimeSum": 4,
      "systemErrors": 0,
      "responseSizesSum": 0,
      "childHits": 0,
      "childDurationsSum": 0,
      "stackTrace": null,
      "childRequestsExecutionsByRequestId": "{}",
      "cpuTimeMean": "4",
      "systemErrorPercentage": 0,
      "responseSizeMean": 0,
      "childHitsMean": 0,
      "childDurationsMean": 0,
      "mean": 5,
      "standardDeviation": 0,
      "updateTime": 1476693141000,
      "updateTimeStr": "2016-10-17 16:32:21"
    }
  ]
}
