{
  "params": {
    "sysCode": "68",
    "size": null,
    "name": "/sockjs/changeCount/539/bkn2nhsq/websocket GET",
    "start": null,
    "sysIp": "10.6.2.151:6080",
    "from": null,
    "to": null
  },
  "success": true,
  "content": {
    "size": 100,
    "current": 1,
    "total": 122,
    "result": [
      {
        "sysCode": "68",
        "sysName": "common-service",
        "sysIps": "10.6.2.151:6080",
        "id": "http19a157435122077413c116eaed15699243e41d34",
        "name": "/sockjs/changeCount/539/bkn2nhsq/websocket GET",
        "hits": 1,
        "durationsSum": 64,
        "durationsSquareSum": 4096,
        "maximum": 64,
        "cpuTimeSum": 47,
        "systemErrors": 0,
        "responseSizesSum": 0,
        "childHits": 0,
        "childDurationsSum": 0,
        "stackTrace": null,
        "childRequestsExecutionsByRequestId": "{}",
        "cpuTimeMean": "47",
        "systemErrorPercentage": 0,
        "responseSizeMean": 0,
        "childHitsMean": 0,
        "childDurationsMean": 0,
        "mean": 64,
        "standardDeviation": 0,
        "updateTime": 1476693157000,
        "updateTimeStr": "2016-10-17 16:32:37"
      },
      {
        "sysCode": "68",
        "sysName": "common-service",
        "sysIps": "10.6.2.151:6080",
        "id": "http19a157435122077413c116eaed15699243e41d34",
        "name": "/sockjs/changeCount/539/bkn2nhsq/websocket GET",
        "hits": 1,
        "durationsSum": 64,
        "durationsSquareSum": 4096,
        "maximum": 64,
        "cpuTimeSum": 47,
        "systemErrors": 0,
        "responseSizesSum": 0,
        "childHits": 0,
        "childDurationsSum": 0,
        "stackTrace": null,
        "childRequestsExecutionsByRequestId": "{}",
        "cpuTimeMean": "47",
        "systemErrorPercentage": 0,
        "responseSizeMean": 0,
        "childHitsMean": 0,
        "childDurationsMean": 0,
        "mean": 64,
        "standardDeviation": 0,
        "updateTime": 1476693141000,
        "updateTimeStr": "2016-10-17 16:32:21"
      },
      {
        "sysCode": "68",
        "sysName": "common-service",
        "sysIps": "10.6.2.151:6080",
        "id": "http19a157435122077413c116eaed15699243e41d34",
        "name": "/sockjs/changeCount/539/bkn2nhsq/websocket GET",
        "hits": 1,
        "durationsSum": 64,
        "durationsSquareSum": 4096,
        "maximum": 64,
        "cpuTimeSum": 47,
        "systemErrors": 0,
        "responseSizesSum": 0,
        "childHits": 0,
        "childDurationsSum": 0,
        "stackTrace": null,
        "childRequestsExecutionsByRequestId": "{}",
        "cpuTimeMean": "47",
        "systemErrorPercentage": 0,
        "responseSizeMean": 0,
        "childHitsMean": 0,
        "childDurationsMean": 0,
        "mean": 64,
        "standardDeviation": 0,
        "updateTime": 1476693135000,
        "updateTimeStr": "2016-10-17 16:32:15"
      },
      {
        "sysCode": "68",
        "sysName": "common-service",
        "sysIps": "10.6.2.151:6080",
        "id": "http19a157435122077413c116eaed15699243e41d34",
        "name": "/sockjs/changeCount/539/bkn2nhsq/websocket GET",
        "hits": 1,
        "durationsSum": 64,
        "durationsSquareSum": 4096,
        "maximum": 64,
        "cpuTimeSum": 47,
        "systemErrors": 0,
        "responseSizesSum": 0,
        "childHits": 0,
        "childDurationsSum": 0,
        "stackTrace": null,
        "childRequestsExecutionsByRequestId": "{}",
        "cpuTimeMean": "47",
        "systemErrorPercentage": 0,
        "responseSizeMean": 0,
        "childHitsMean": 0,
        "childDurationsMean": 0,
        "mean": 64,
        "standardDeviation": 0,
        "updateTime": 1476693097000,
        "updateTimeStr": "2016-10-17 16:31:37"
      },
      {
        "sysCode": "68",
        "sysName": "common-service",
        "sysIps": "10.6.2.151:6080",
        "id": "http19a157435122077413c116eaed15699243e41d34",
        "name": "/sockjs/changeCount/539/bkn2nhsq/websocket GET",
        "hits": 1,
        "durationsSum": 64,
        "durationsSquareSum": 4096,
        "maximum": 64,
        "cpuTimeSum": 47,
        "systemErrors": 0,
        "responseSizesSum": 0,
        "childHits": 0,
        "childDurationsSum": 0,
        "stackTrace": null,
        "childRequestsExecutionsByRequestId": "{}",
        "cpuTimeMean": "47",
        "systemErrorPercentage": 0,
        "responseSizeMean": 0,
        "childHitsMean": 0,
        "childDurationsMean": 0,
        "mean": 64,
        "standardDeviation": 0,
        "updateTime": 1476693080000,
        "updateTimeStr": "2016-10-17 16:31:20"
      },
      {
        "sysCode": "68",
        "sysName": "common-service",
        "sysIps": "10.6.2.151:6080",
        "id": "http19a157435122077413c116eaed15699243e41d34",
        "name": "/sockjs/changeCount/539/bkn2nhsq/websocket GET",
        "hits": 1,
        "durationsSum": 64,
        "durationsSquareSum": 4096,
        "maximum": 64,
        "cpuTimeSum": 47,
        "systemErrors": 0,
        "responseSizesSum": 0,
        "childHits": 0,
        "childDurationsSum": 0,
        "stackTrace": null,
        "childRequestsExecutionsByRequestId": "{}",
        "cpuTimeMean": "47",
        "systemErrorPercentage": 0,
        "responseSizeMean": 0,
        "childHitsMean": 0,
        "childDurationsMean": 0,
        "mean": 64,
        "standardDeviation": 0,
        "updateTime": 1476693075000,
        "updateTimeStr": "2016-10-17 16:31:15"
      },
      {
        "sysCode": "68",
        "sysName": "common-service",
        "sysIps": "10.6.2.151:6080",
        "id": "http19a157435122077413c116eaed15699243e41d34",
        "name": "/sockjs/changeCount/539/bkn2nhsq/websocket GET",
        "hits": 1,
        "durationsSum": 64,
        "durationsSquareSum": 4096,
        "maximum": 64,
        "cpuTimeSum": 47,
        "systemErrors": 0,
        "responseSizesSum": 0,
        "childHits": 0,
        "childDurationsSum": 0,
        "stackTrace": null,
        "childRequestsExecutionsByRequestId": "{}",
        "cpuTimeMean": "47",
        "systemErrorPercentage": 0,
        "responseSizeMean": 0,
        "childHitsMean": 0,
        "childDurationsMean": 0,
        "mean": 64,
        "standardDeviation": 0,
        "updateTime": 1476693037000,
        "updateTimeStr": "2016-10-17 16:30:37"
      },
      {
        "sysCode": "68",
        "sysName": "common-service",
        "sysIps": "10.6.2.151:6080",
        "id": "http19a157435122077413c116eaed15699243e41d34",
        "name": "/sockjs/changeCount/539/bkn2nhsq/websocket GET",
        "hits": 1,
        "durationsSum": 64,
        "durationsSquareSum": 4096,
        "maximum": 64,
        "cpuTimeSum": 47,
        "systemErrors": 0,
        "responseSizesSum": 0,
        "childHits": 0,
        "childDurationsSum": 0,
        "stackTrace": null,
        "childRequestsExecutionsByRequestId": "{}",
        "cpuTimeMean": "47",
        "systemErrorPercentage": 0,
        "responseSizeMean": 0,
        "childHitsMean": 0,
        "childDurationsMean": 0,
        "mean": 64,
        "standardDeviation": 0,
        "updateTime": 1476693020000,
        "updateTimeStr": "2016-10-17 16:30:20"
      },
      {
        "sysCode": "68",
        "sysName": "common-service",
        "sysIps": "10.6.2.151:6080",
        "id": "http19a157435122077413c116eaed15699243e41d34",
        "name": "/sockjs/changeCount/539/bkn2nhsq/websocket GET",
        "hits": 1,
        "durationsSum": 64,
        "durationsSquareSum": 4096,
        "maximum": 64,
        "cpuTimeSum": 47,
        "systemErrors": 0,
        "responseSizesSum": 0,
        "childHits": 0,
        "childDurationsSum": 0,
        "stackTrace": null,
        "childRequestsExecutionsByRequestId": "{}",
        "cpuTimeMean": "47",
        "systemErrorPercentage": 0,
        "responseSizeMean": 0,
        "childHitsMean": 0,
        "childDurationsMean": 0,
        "mean": 64,
        "standardDeviation": 0,
        "updateTime": 1476693015000,
        "updateTimeStr": "2016-10-17 16:30:15"
      },
      {
        "sysCode": "68",
        "sysName": "common-service",
        "sysIps": "10.6.2.151:6080",
        "id": "http19a157435122077413c116eaed15699243e41d34",
        "name": "/sockjs/changeCount/539/bkn2nhsq/websocket GET",
        "hits": 1,
        "durationsSum": 64,
        "durationsSquareSum": 4096,
        "maximum": 64,
        "cpuTimeSum": 47,
        "systemErrors": 0,
        "responseSizesSum": 0,
        "childHits": 0,
        "childDurationsSum": 0,
        "stackTrace": null,
        "childRequestsExecutionsByRequestId": "{}",
        "cpuTimeMean": "47",
        "systemErrorPercentage": 0,
        "responseSizeMean": 0,
        "childHitsMean": 0,
        "childDurationsMean": 0,
        "mean": 64,
        "standardDeviation": 0,
        "updateTime": 1476692977000,
        "updateTimeStr": "2016-10-17 16:29:37"
      }
    ]
  }
}
